id,subscriber_count,view_count,video_count,comment_count,average_length_comments,sentiment,comment_length_category,total_likes
0,0,0,0,1,31,no sentiment,long,2
1,514,143822,22,2,73,no sentiment,long,2
2,83,6113,35,1,8,no sentiment,short,0
3,0,0,0,4,19,negative,medium,0
4,0,0,0,1,14,no sentiment,medium,1
5,0,0,0,1,4,no sentiment,short,0
6,6,359,6,1,5,no sentiment,short,3
7,0,0,0,1,2,no sentiment,short,0
8,1,0,0,1,18,no sentiment,medium,6
9,1,0,0,16,7,negative,short,28
10,0,0,0,1,8,no sentiment,short,4
11,2,41,2,1,96,no sentiment,long,0
12,0,0,0,1,13,no sentiment,medium,0
13,0,0,0,2,12,no sentiment,medium,4
14,0,0,0,1,22,no sentiment,medium,5
15,2,0,0,1,9,no sentiment,medium,0
16,0,0,0,26,1,neutral,short,23
17,38,3602,664,1,2,no sentiment,short,1
18,1,17,2,1,22,no sentiment,medium,4
19,1,0,0,1,46,no sentiment,long,1
20,0,0,0,4,55,negative,long,10
21,14,0,0,4,8,no sentiment,short,2
22,4,0,0,1,46,no sentiment,long,0
23,1,0,0,1,11,no sentiment,medium,2
24,9,17726,85,1,11,no sentiment,medium,28
25,233,8520,56,1,96,no sentiment,long,0
26,3,0,0,2,7,no sentiment,short,0
27,0,25,1,1,58,no sentiment,long,0
28,3,0,0,2,15,no sentiment,medium,5
29,2,0,0,3,12,no sentiment,medium,174
30,0,0,0,1,8,no sentiment,short,3
31,26,9934,2,5,4,negative,short,2
32,0,0,0,1,19,no sentiment,medium,0
33,0,0,0,1,10,no sentiment,medium,20
34,11,0,0,3,14,negative,medium,18
35,70,107616,11,1,2,no sentiment,short,0
36,0,0,0,1,16,no sentiment,medium,163
37,1,0,0,2,25,no sentiment,medium,3
38,26,13210,15,2,1,no sentiment,short,0
39,0,0,0,1,1,no sentiment,short,1
40,1,0,0,1,28,no sentiment,long,1
41,31,119086,81,1,5,no sentiment,short,23
42,6,293,5,3,35,negative,long,0
43,17,0,0,4,3,no sentiment,short,6
44,0,0,0,1,5,no sentiment,short,0
45,23,0,0,1,32,no sentiment,long,2
46,0,0,0,1,77,no sentiment,long,0
47,1,0,0,5,42,negative,long,142
48,382,122383,55,76,4,negative,short,0
49,2,0,0,3,24,no sentiment,medium,19
50,32,44305,22,1,35,no sentiment,long,0
51,2250,95719,68,3,117,positive,long,27
52,2,0,0,160,19,negative,medium,0
53,5,3966,17,1,25,no sentiment,medium,1
54,2,0,0,2,9,no sentiment,medium,1
55,0,19,3,1,2,no sentiment,short,2
56,0,0,0,1,14,no sentiment,medium,4
57,0,0,0,3,9,no sentiment,medium,9
58,0,0,0,4,17,negative,medium,1
59,0,0,0,1,23,negative,medium,1
60,0,35,1,1,8,no sentiment,short,2
61,5,15,1,1,23,no sentiment,medium,0
62,1,0,0,1,41,no sentiment,long,1
63,7,0,0,3,77,neutral,long,0
64,32,13078,35,6,14,no sentiment,medium,212
65,0,0,0,2,12,no sentiment,medium,0
66,1,0,0,4,77,no sentiment,long,2
67,1,0,0,2,6,no sentiment,short,1
68,0,5,1,1,46,no sentiment,long,2
69,1,0,0,3,12,no sentiment,medium,12
70,505,324601,86,5,10,neutral,medium,1
71,0,58,2,1,1,no sentiment,short,7
72,9,0,0,1,15,no sentiment,medium,0
73,15,18219,17,1,23,no sentiment,medium,15
74,1,0,0,8,16,negative,medium,0
75,0,0,0,2,11,no sentiment,medium,6
76,0,0,0,6,5,no sentiment,short,0
77,1,166,1,1,17,no sentiment,medium,1
78,21,0,0,1,4,no sentiment,short,16
79,1,0,0,2,10,no sentiment,medium,3
80,2,608,1,3,35,no sentiment,long,79
81,3,922,13,1,18,no sentiment,medium,0
82,1,0,0,1,31,no sentiment,long,10
83,1,0,0,1,32,no sentiment,long,36
84,23,12675,35,1,11,no sentiment,medium,0
85,6,328,6,1,6,no sentiment,short,1
86,0,0,0,2,8,no sentiment,short,60
87,0,0,0,5,7,no sentiment,short,6
88,0,91,2,1,22,no sentiment,medium,27
89,3,164,1,1,12,no sentiment,medium,403
90,7,0,0,2,20,no sentiment,medium,301
91,1,0,0,1,33,no sentiment,long,43
92,0,0,0,1,21,no sentiment,medium,0
93,0,689,1,1,4,no sentiment,short,3
94,1,0,0,1,53,no sentiment,long,2
95,10,0,0,10,6,negative,short,45
96,6,0,0,1,22,no sentiment,medium,5
97,0,0,0,43,34,negative,long,0
98,3210,36935,10,3,36,negative,long,2
99,0,0,0,3,68,no sentiment,long,0
100,2,0,0,2,71,no sentiment,long,1
101,2,0,0,1,40,no sentiment,long,0
102,32,10357,8,5,48,no sentiment,long,0
103,78,0,0,2,9,negative,medium,1
104,3,0,0,1,21,no sentiment,medium,1
105,1,0,0,7,6,negative,short,3
106,1,0,0,2,5,negative,short,17
107,31,233,2,1,3,no sentiment,short,23
108,6,0,0,104,18,negative,medium,2
109,12,0,0,15,18,negative,medium,111
110,2,0,0,1,13,no sentiment,medium,0
111,1,0,0,1,15,no sentiment,medium,1
112,8,115,1,4,14,no sentiment,medium,0
113,0,0,0,58,10,negative,medium,250
114,2,378,1,1,7,no sentiment,short,1
115,33,4911,32,1,38,no sentiment,long,9
116,2,17,1,1,7,no sentiment,short,4
117,6,0,0,4,30,no sentiment,long,4
118,9,0,0,9,7,negative,short,38
119,0,0,0,2,32,no sentiment,long,0
120,47,10854,215,8,42,negative,long,1
121,5,0,0,1,10,no sentiment,medium,15
122,1,0,0,1,15,no sentiment,medium,0
123,367,230202,35,4,8,neutral,short,47
124,2,0,0,4,14,negative,medium,29
125,0,0,0,1,77,no sentiment,long,162
126,3,93,2,1,11,no sentiment,medium,8
127,0,0,0,2,7,negative,short,17
128,2,0,0,2,25,no sentiment,medium,79
129,304,105065,5,5,37,no sentiment,long,0
130,2,718,3,4,14,no sentiment,medium,4
131,2,0,0,1,64,no sentiment,long,19
132,0,0,0,2,32,no sentiment,long,0
133,0,0,0,1,5,no sentiment,short,2
134,2,0,0,1,6,no sentiment,short,3
135,1,0,0,1,50,no sentiment,long,22
136,0,0,0,4,13,no sentiment,medium,2
137,2,0,0,4,33,negative,long,8
138,0,0,0,2,21,no sentiment,medium,184
139,1,0,0,1,20,no sentiment,medium,3
140,16,679,2,1,5,no sentiment,short,0
141,17,0,0,1,126,no sentiment,long,160
142,2,0,0,2,46,no sentiment,long,0
143,1,0,0,7,88,no sentiment,long,0
144,23,0,0,2,7,no sentiment,short,0
145,104,399,3,1,4,no sentiment,short,3
146,4,0,0,1,7,no sentiment,short,28
147,1,0,0,1,16,no sentiment,medium,49
148,67,145785,175,3,20,no sentiment,medium,3
149,0,0,0,3,23,no sentiment,medium,0
150,5,0,0,2,38,no sentiment,long,0
151,2,689,1,1,16,no sentiment,medium,2
152,114,137351,70,1,50,no sentiment,long,0
153,0,0,0,1,10,no sentiment,medium,7
154,6,0,0,4,20,no sentiment,medium,4
155,4,0,0,7,24,negative,medium,2
156,4,498,1,1,16,no sentiment,medium,0
157,6,0,0,1,32,no sentiment,long,0
158,2,24,1,1,18,no sentiment,medium,23
159,0,0,0,1,22,no sentiment,medium,0
160,0,0,0,3,7,no sentiment,short,1
161,0,0,0,3,5,no sentiment,short,1
162,3,0,0,1,20,no sentiment,medium,0
163,0,0,0,2,5,no sentiment,short,3
164,20,15256,1,1,24,no sentiment,medium,18
165,0,0,0,2,23,negative,medium,1
166,0,0,0,2,14,negative,medium,0
167,0,0,0,3,8,neutral,short,1
168,0,0,0,5,9,neutral,medium,1
169,0,0,0,3,13,no sentiment,medium,0
170,1,16,1,4,1,neutral,short,0
171,6,0,0,14,6,negative,short,18
172,3,5315,6,5,4,no sentiment,short,30
173,0,0,0,1,11,no sentiment,medium,0
174,0,0,0,6,2,no sentiment,short,0
175,0,0,0,1,35,no sentiment,long,7
176,0,0,0,1,1,no sentiment,short,0
177,3,0,0,1,11,no sentiment,medium,0
178,1,0,0,1,11,no sentiment,medium,0
179,32,3011,111,12,27,negative,long,0
180,3,0,0,7,27,negative,long,1
181,4,30,1,2,4,no sentiment,short,3
182,0,0,0,1,4,no sentiment,short,1
183,0,0,0,2,6,neutral,short,0
184,0,0,0,1,6,no sentiment,short,3
185,0,0,0,2,18,no sentiment,medium,15
186,244,57256,316,2,9,no sentiment,medium,28
187,978,453584,90,1,26,no sentiment,medium,7
188,17,0,0,3,30,no sentiment,long,0
189,0,0,0,4,19,negative,medium,3
190,0,11,1,1,9,no sentiment,medium,27
191,8,0,0,1,12,no sentiment,medium,0
192,5,9,1,3,31,negative,long,138
193,0,9,2,1,18,no sentiment,medium,10
194,0,0,0,41,7,positive,short,0
195,3,0,0,6,43,negative,long,0
196,0,0,0,3,19,no sentiment,medium,43
197,24,4413,27,4,20,negative,medium,0
198,0,0,0,1,4,no sentiment,short,0
199,223,81841,267,1,12,no sentiment,medium,0
200,0,422,2,3,53,negative,long,0
201,0,62,2,1,32,no sentiment,long,0
202,1,0,0,2,12,no sentiment,medium,58
203,0,178,1,1,11,no sentiment,medium,0
204,1,0,0,4,15,no sentiment,medium,31
205,1,0,0,11,12,neutral,medium,29
206,2,40,2,1,10,no sentiment,medium,0
207,2,0,0,1,9,no sentiment,medium,3
208,1,0,0,2,10,negative,medium,36
209,11,0,0,16,4,neutral,short,5
210,4,0,0,3,17,no sentiment,medium,0
211,145,9974,13,5,14,negative,medium,0
212,1,0,0,3,5,negative,short,0
213,11,0,0,4,26,no sentiment,medium,52
214,1,0,0,1,3,no sentiment,short,1
215,2,0,0,6,24,no sentiment,medium,5
216,0,0,0,3,14,negative,medium,0
217,85,43376,45,2,19,negative,medium,5
218,0,0,0,1,19,no sentiment,medium,3
219,0,0,0,2,18,no sentiment,medium,1
220,1,0,0,1,7,no sentiment,short,1
221,0,0,0,1,23,no sentiment,medium,2
222,12,1558,3,1,8,no sentiment,short,2
223,0,11,1,2,2,no sentiment,short,1
224,41,77320,1,1,78,no sentiment,long,0
225,0,0,0,9,15,neutral,medium,0
226,126,14322,198,2,22,no sentiment,medium,0
227,1,0,0,2,14,no sentiment,medium,6
228,1,0,0,3,9,negative,medium,2
229,0,0,0,2,13,negative,medium,0
230,126,116766,16,2,76,neutral,long,2
231,1,0,0,3,20,negative,medium,0
232,0,0,0,2,4,negative,short,4
233,6,0,0,1,23,no sentiment,medium,0
234,1,0,0,2,21,negative,medium,0
235,2,0,0,8,5,negative,short,1
236,27,0,0,2,3,negative,short,0
237,1,0,0,2,13,no sentiment,medium,137
238,5,0,0,1,4,no sentiment,short,2
239,0,8,1,1,12,no sentiment,medium,8
240,8,1553,45,1,12,no sentiment,medium,0
241,13,1458,90,1,13,no sentiment,medium,2
242,5,0,0,3,16,negative,medium,3
243,7090,1223045,181,1,5,no sentiment,short,5
244,1,0,0,2,32,no sentiment,long,6
245,1,0,0,1,21,no sentiment,medium,0
246,2,0,0,1,12,no sentiment,medium,0
247,5,0,0,2,50,no sentiment,long,1
248,1,0,0,1,5,no sentiment,short,1
249,0,0,0,1,23,no sentiment,medium,1
250,0,298,14,3,22,negative,medium,0
251,0,0,0,1,40,no sentiment,long,0
252,5,44,2,2,16,no sentiment,medium,48
253,0,0,0,1,51,no sentiment,long,0
254,183,55858,54,1,58,no sentiment,long,1
255,13,7470,44,1,293,no sentiment,long,1
256,388,55530,609,3,4,no sentiment,short,0
257,0,0,0,2,18,no sentiment,medium,1
258,4,20,1,2,13,negative,medium,0
259,0,0,0,8,102,negative,long,0
260,3,0,0,6,32,negative,long,104
261,0,0,0,2,2,no sentiment,short,17
262,6,0,0,1,77,no sentiment,long,0
263,6,0,0,3,14,negative,medium,0
264,2,0,0,1,6,no sentiment,short,22
265,0,0,0,1,3,no sentiment,short,1
266,0,0,0,1,8,no sentiment,short,1
267,60,3071,18,2,7,neutral,short,0
268,33,0,0,1,41,no sentiment,long,1
269,0,0,0,5,41,negative,long,5
270,0,0,0,1,10,no sentiment,medium,10
271,91,7466,2,23,8,neutral,short,2
272,1,0,0,1,1,no sentiment,short,13
273,1,0,0,4,25,negative,medium,1
274,0,0,0,1,65,no sentiment,long,2
275,1,0,0,9,40,negative,long,2
276,20,15674,44,1,144,no sentiment,long,0
277,18,0,0,40,92,neutral,long,0
278,7,645,1,1,14,no sentiment,medium,4
279,3,0,0,42,43,negative,long,3
280,0,77,1,2,6,no sentiment,short,3
281,0,18,16,1,31,no sentiment,long,0
282,4,0,0,1,4,negative,short,2
283,1,0,0,1,27,no sentiment,long,3
284,2,0,0,7,32,negative,long,0
285,6,0,0,5,27,negative,long,9
286,0,0,0,1,37,no sentiment,long,0
287,0,0,0,6,26,negative,medium,0
288,1,0,0,3,8,negative,short,5
289,0,3,1,5,13,negative,medium,0
290,1,0,0,3,9,no sentiment,medium,0
291,0,31,1,3,20,negative,medium,6
292,38,0,0,2,1,negative,short,9
293,1040,586856,4491,4,10,negative,medium,4
294,1,0,0,5,5,negative,short,5
295,3,0,0,9,15,negative,medium,4
296,2,0,0,7,8,negative,short,3
297,0,0,0,2,35,negative,long,0
298,60,92637,273,2,6,no sentiment,short,5
299,4,0,0,2,16,no sentiment,medium,0
300,0,0,0,1,20,no sentiment,medium,6
301,2,0,0,1,32,no sentiment,long,2
302,3,0,0,1,71,no sentiment,long,1
303,0,0,0,1,9,no sentiment,medium,0
304,6,0,0,1,75,no sentiment,long,4
305,519,37,1,10,27,neutral,long,1
306,5,0,0,1,47,no sentiment,long,0
307,4130,4516568,719,1,11,no sentiment,medium,13
308,0,0,0,1,5,no sentiment,short,0
309,81,0,0,1,3,no sentiment,short,0
310,6,380,38,1,15,no sentiment,medium,0
311,0,0,0,1,20,no sentiment,medium,1
312,0,0,0,2,1,no sentiment,short,10
313,0,0,0,1,14,no sentiment,medium,0
314,0,0,0,1,11,no sentiment,medium,1
315,0,4,1,1,90,no sentiment,long,0
316,5,0,0,1,2,no sentiment,short,0
317,5,487,3,2,5,no sentiment,short,10
318,0,0,0,2,4,no sentiment,short,2
319,3,117,2,3,68,no sentiment,long,1
320,0,0,0,1,3,no sentiment,short,0
321,2,0,0,1,37,no sentiment,long,11
322,10,0,0,3,86,negative,long,1
323,1,0,0,1,12,negative,medium,0
324,265,62815,138,6,22,no sentiment,medium,0
325,11,768,20,4,42,neutral,long,3
326,0,0,0,2,13,no sentiment,medium,3
327,4,0,0,4,3,no sentiment,short,25
328,7,0,0,1,9,no sentiment,medium,0
329,13,5694,26,3,36,negative,long,20
330,14,0,0,1,6,no sentiment,short,13
331,5,0,0,8,33,negative,long,0
332,0,0,0,3,18,negative,medium,65
333,2,0,0,3,12,no sentiment,medium,4
334,0,141,2,9,10,no sentiment,medium,1
335,201,263810,128,1,5,no sentiment,short,5
336,582,63772,76,2,421,no sentiment,long,0
337,2,0,0,1,19,no sentiment,medium,0
338,0,0,0,2,2,negative,short,1
339,0,0,0,2,22,no sentiment,medium,0
340,4,0,0,1,94,no sentiment,long,7
341,7,2955,4,1,111,no sentiment,long,0
342,4,0,0,2,3,no sentiment,short,4
343,10,4700,7,1,6,no sentiment,short,152
344,0,0,0,4,38,no sentiment,long,1
345,1,0,0,6,17,negative,medium,7
346,1,0,0,1,31,no sentiment,long,0
347,1,85,1,1,6,no sentiment,short,1
348,0,0,0,1,18,no sentiment,medium,0
349,0,0,0,1,14,no sentiment,medium,15
350,25,5664,53,2,14,no sentiment,medium,0
351,0,0,0,1,6,no sentiment,short,3
352,1,0,0,1,9,no sentiment,medium,0
353,158,236839,17,1,25,no sentiment,medium,0
354,0,0,0,1,45,no sentiment,long,308
355,94,19059,245,1,6,no sentiment,short,1
356,8,0,0,1,9,negative,medium,27
357,12,0,0,1,50,no sentiment,long,9
358,0,0,0,1,24,no sentiment,medium,0
359,1,0,0,1,12,no sentiment,medium,0
360,1,0,0,4,7,negative,short,5
361,2,1051,1,1,24,negative,medium,2
362,21,1415,6,1,26,no sentiment,medium,29
363,24,33844,39,2,18,neutral,medium,0
364,1,0,0,4,27,neutral,long,3
365,2,0,0,1,4,no sentiment,short,41
366,1,0,0,5,15,negative,medium,61
367,59,94,2,1,7,neutral,short,0
368,14,939,2,2,53,negative,long,0
369,5,8127,19,11,6,negative,short,1
370,2,21,1,1,18,no sentiment,medium,0
371,24,0,0,1,4,no sentiment,short,10
372,14,309,17,1,4,no sentiment,short,1
373,0,0,0,4,2,negative,short,1
374,32,0,0,4,37,negative,long,2
375,8,157,1,1,118,no sentiment,long,1
376,4,0,0,4,1,negative,short,4
377,0,0,0,1,15,no sentiment,medium,1
378,0,0,0,1,15,negative,medium,0
379,4,547,9,1,26,no sentiment,medium,4
380,10,0,0,1,92,no sentiment,long,84
381,0,0,0,1,1,no sentiment,short,3
382,31,41259,53,1,14,no sentiment,medium,1
383,0,0,0,2,259,negative,long,0
384,43,0,0,1,9,no sentiment,medium,0
385,1,680,4,1,210,no sentiment,long,0
386,2,12,6,1,13,negative,medium,21
387,2,0,0,1,34,no sentiment,long,0
388,5,1021,9,2,17,negative,medium,2
389,0,0,0,8,10,negative,medium,66
390,0,0,0,1,11,no sentiment,medium,43
391,7,3198,1,3,1,no sentiment,short,0
392,20,23014,28,2,29,no sentiment,long,1
393,1,0,0,1,27,no sentiment,long,20
394,1,0,0,2,22,no sentiment,medium,14
395,1,0,0,2,12,no sentiment,medium,13
396,13,0,0,1,9,no sentiment,medium,0
397,4,272,43,1,19,no sentiment,medium,8
398,2,0,0,2,9,no sentiment,medium,0
399,2,0,0,2,12,no sentiment,medium,1
400,14,1018,3,5,14,negative,medium,0
401,44,0,0,2,5,negative,short,2
402,10,0,0,1,18,negative,medium,28
403,24,2993,46,4,90,no sentiment,long,1
404,13,2475,2,2,13,negative,medium,17
405,24,1838,36,1,19,no sentiment,medium,30
406,1,13,2,1,19,no sentiment,medium,1
407,0,0,0,1,5,negative,short,0
408,3,0,0,1,4,no sentiment,short,2
409,8,868,14,1,34,negative,long,0
410,11,1136,63,1,30,no sentiment,long,0
411,24,7260,38,1,10,no sentiment,medium,7
412,0,0,0,2,22,no sentiment,medium,1
413,1,0,0,1,14,no sentiment,medium,0
414,0,0,0,6,7,negative,short,0
415,53,24919,66,3,44,no sentiment,long,1
416,16,0,0,2,49,negative,long,0
417,0,38,2,2,7,no sentiment,short,0
418,0,0,0,1,38,no sentiment,long,0
419,0,0,0,1,13,no sentiment,medium,16
420,0,0,0,1,6,no sentiment,short,0
421,0,0,0,1,11,neutral,medium,0
422,26,37019,48,1,7,neutral,short,28
423,1,0,0,7,33,no sentiment,long,0
424,0,0,0,1,9,no sentiment,medium,0
425,8,11699,17,2,61,no sentiment,long,0
426,10,0,0,2,26,no sentiment,medium,0
427,0,9,2,3,24,no sentiment,medium,1
428,2,0,0,1,12,no sentiment,medium,0
429,17,0,0,1,9,no sentiment,medium,26
430,0,0,0,3,8,negative,short,19
431,4,0,0,3,4,negative,short,0
432,1,0,0,1,14,no sentiment,medium,56
433,0,0,0,1,13,no sentiment,medium,3
434,21,20069,5,2,36,neutral,long,34
435,0,0,0,4,36,negative,long,0
436,1,0,0,5,3,negative,short,2
437,1620,1766803,283,7,16,neutral,medium,10
438,0,0,0,2,17,neutral,medium,6
439,14,0,0,2,21,no sentiment,medium,0
440,4,0,0,3,7,neutral,short,15
441,5,127,2,5,17,negative,medium,1
442,2,0,0,1,3,no sentiment,short,16
443,0,0,0,2,8,negative,short,0
444,2,0,0,1,39,no sentiment,long,85
445,1,0,0,2,16,no sentiment,medium,4
446,7,0,0,7,194,negative,long,1
447,2,0,0,2,5,no sentiment,short,0
448,0,0,0,2,27,no sentiment,long,0
449,95,42590,19,1,4,no sentiment,short,1
450,0,0,0,1,16,no sentiment,medium,0
451,25,11561,23,2,16,positive,medium,0
452,0,0,0,2,9,negative,medium,0
453,55,38417,196,1,28,no sentiment,long,5
454,19,0,0,9,28,negative,long,0
455,9,0,0,1,3,no sentiment,short,5
456,0,0,0,1,7,no sentiment,short,5
457,2,0,0,1,13,no sentiment,medium,1
458,5,0,0,1,8,no sentiment,short,8
459,14,0,0,1,8,no sentiment,short,0
460,6,81,1,1,11,no sentiment,medium,0
461,7,0,0,2,11,neutral,medium,162
462,0,28,1,1,17,no sentiment,medium,11
463,1,0,0,6,8,negative,short,1
464,4,148,1,4,15,no sentiment,medium,0
465,2,0,0,2,124,no sentiment,long,1
466,0,0,0,3,1,no sentiment,short,2
467,4,45,1,2,32,no sentiment,long,2
468,4,0,0,15,18,negative,medium,0
469,475,285712,176,2,5,no sentiment,short,0
470,10,1845,3,1,48,negative,long,0
471,0,0,0,1,1,no sentiment,short,0
472,0,0,0,1,14,no sentiment,medium,8
473,0,67,1,6,11,negative,medium,0
474,0,0,0,3,3,negative,short,0
475,8,0,0,1,8,no sentiment,short,0
476,0,0,0,1,56,negative,long,0
477,3,0,0,1,10,negative,medium,6
478,50,32165,63,9,26,negative,medium,0
479,13,5666,9,1,39,positive,long,5
480,1,0,0,2,14,negative,medium,0
481,7,0,0,2,78,no sentiment,long,0
482,0,0,0,1,17,no sentiment,medium,2
483,4,0,0,1,28,no sentiment,long,0
484,8,0,0,7,13,negative,medium,0
485,0,0,0,3,24,no sentiment,medium,5
486,4,0,0,1,13,no sentiment,medium,19
487,4,0,0,1,11,no sentiment,medium,1
488,0,0,0,2,19,no sentiment,medium,33
489,0,0,0,1,114,no sentiment,long,0
490,5,838,25,1,9,negative,medium,0
491,2,0,0,1,16,no sentiment,medium,3
492,76,142792,87,3,12,no sentiment,medium,7
493,0,0,0,2,4,negative,short,3
494,0,0,0,2,26,neutral,medium,1
495,3,0,0,4,11,negative,medium,1
496,14,101,1,3,15,neutral,medium,4
497,9,0,0,2,6,no sentiment,short,0
498,3,0,0,1,78,negative,long,0
499,6,0,0,1,10,no sentiment,medium,0
500,1,123,9,1,22,no sentiment,medium,0
501,0,0,0,5,5,negative,short,1
502,0,0,0,1,19,no sentiment,medium,3
503,0,0,0,3,20,no sentiment,medium,19
504,0,0,0,1,31,no sentiment,long,51
505,0,0,0,2,1,no sentiment,short,1
506,0,0,0,1,25,no sentiment,medium,8
507,1,0,0,2,18,no sentiment,medium,0
508,1,0,0,1,8,negative,short,3
509,6,0,0,3,10,neutral,medium,1
510,1,0,0,2,34,negative,long,2
511,0,0,0,1,9,no sentiment,medium,8
512,0,0,0,6,21,negative,medium,3
513,1,0,0,1,17,neutral,medium,14
514,0,0,0,2,40,negative,long,1
515,0,0,0,3,23,no sentiment,medium,8
516,204,325,37,7,23,no sentiment,medium,0
517,0,0,0,1,25,no sentiment,medium,0
518,12,4505,33,1,16,no sentiment,medium,15
519,0,0,0,2,9,no sentiment,medium,0
520,1,0,0,2,17,no sentiment,medium,19
521,1,0,0,1,7,no sentiment,short,11
522,0,0,0,1,29,no sentiment,long,2
523,4,0,0,1,35,no sentiment,long,0
524,1,0,0,1,7,negative,short,11
525,0,0,0,1,1,no sentiment,short,1
526,1,0,0,1,14,no sentiment,medium,5
527,5,209,46,2,11,no sentiment,medium,2
528,4,45,1,1,3,no sentiment,short,2
529,45,1393,5,1,23,no sentiment,medium,0
530,0,0,0,2,1,no sentiment,short,1
531,0,0,0,1,10,no sentiment,medium,2
532,0,0,0,1,19,no sentiment,medium,2
533,23,5607,63,3,4,no sentiment,short,0
534,0,0,0,3,3,no sentiment,short,1
535,0,0,0,1,9,no sentiment,medium,54
536,2,0,0,1,3,no sentiment,short,0
537,0,4,1,2,21,no sentiment,medium,2
538,0,0,0,2,14,no sentiment,medium,0
539,1,0,0,1,28,no sentiment,long,65
540,1220,55870,63,1,15,no sentiment,medium,0
541,0,0,0,1,18,no sentiment,medium,0
542,111,91392,12,1,23,no sentiment,medium,2
543,1,0,0,2,15,no sentiment,medium,1
544,0,0,0,3,9,no sentiment,medium,0
545,2,247,2,1,12,no sentiment,medium,1
546,0,48,1,1,18,no sentiment,medium,10
547,3,0,0,1,6,no sentiment,short,0
548,0,0,0,2,5,no sentiment,short,0
549,93,3789,32,1,6,negative,short,0
550,0,0,0,2,15,neutral,medium,0
551,45,7738,8,1,15,no sentiment,medium,0
552,5,1234,2,2,2,no sentiment,short,1
553,1,0,0,1,16,negative,medium,1
554,2,466,1,9,16,negative,medium,0
555,544,176327,106,7,3,negative,short,1
556,0,0,0,1,12,no sentiment,medium,1
557,0,0,0,1,5,no sentiment,short,3
558,4,254,5,1,13,no sentiment,medium,0
559,15,0,0,2,63,no sentiment,long,54
560,0,22,2,3,13,no sentiment,medium,67
561,3,0,0,5,8,negative,short,0
562,1,0,0,2,6,no sentiment,short,3
563,0,0,0,1,30,no sentiment,long,14
564,4,0,0,1,18,no sentiment,medium,0
565,0,0,0,2,9,no sentiment,medium,3
566,27,3424,12,2,23,no sentiment,medium,5
567,5,0,0,6,12,negative,medium,5
568,0,0,0,1,42,no sentiment,long,0
569,1,180,1,2,6,no sentiment,short,4
570,5,1659,27,1,5,no sentiment,short,13
571,0,0,0,1,7,no sentiment,short,31
572,4,0,0,4,44,negative,long,0
573,4,0,0,5,6,no sentiment,short,0
574,0,0,0,2,10,no sentiment,medium,2
575,0,0,0,1,9,no sentiment,medium,16
576,0,0,0,2,16,no sentiment,medium,2
577,0,0,0,6,51,neutral,long,6
578,1,0,0,3,12,no sentiment,medium,8
579,0,0,0,3,15,negative,medium,0
580,8,0,0,1,37,no sentiment,long,0
581,8,335,5,2,14,no sentiment,medium,4
582,2,0,0,1,14,no sentiment,medium,2
583,0,0,0,1,17,no sentiment,medium,0
584,2,0,0,1,15,no sentiment,medium,9
585,35,1456,41,1,33,no sentiment,long,220
586,2,0,0,2,14,no sentiment,medium,2
587,553,257916,1,1,9,no sentiment,medium,0
588,296,1071008,31,1,22,no sentiment,medium,4
589,20,201,5,2,7,no sentiment,short,3
590,14,0,0,2,9,no sentiment,medium,0
591,2,5,2,2,58,no sentiment,long,0
592,0,0,0,1,15,no sentiment,medium,0
593,0,0,0,1,17,no sentiment,medium,6
594,0,0,0,1,26,no sentiment,medium,5
595,2,0,0,2,40,no sentiment,long,2
596,440,16842,74,1,57,no sentiment,long,0
597,14,0,0,2,4,no sentiment,short,3
598,0,0,0,1,40,no sentiment,long,1
599,0,0,0,48,31,neutral,long,0
600,0,0,0,1,7,no sentiment,short,1
601,0,0,0,1,51,no sentiment,long,2
602,2,0,0,1,26,no sentiment,medium,0
603,0,0,0,2,32,no sentiment,long,2
604,1,0,0,2,34,no sentiment,long,12
605,0,2908,6,1,11,no sentiment,medium,2
606,14,0,0,2,30,no sentiment,long,1
607,6,0,0,12,9,negative,medium,318
608,1,0,0,2,7,negative,short,12
609,0,0,0,1,154,no sentiment,long,1
610,2,852,3,1,24,no sentiment,medium,1
611,1,0,0,1,58,no sentiment,long,0
612,0,0,0,3,130,no sentiment,long,4
613,0,0,0,1,12,no sentiment,medium,0
614,0,0,0,3,37,no sentiment,long,1
615,2,0,0,1,8,no sentiment,short,0
616,1,0,0,7,18,no sentiment,medium,1
617,2,0,0,2,3,no sentiment,short,1
618,24,0,0,1,1,negative,short,1
619,40,0,0,1,21,no sentiment,medium,1
620,5,351,17,7,84,no sentiment,long,1
621,1,15,1,6,24,negative,medium,2
622,0,0,0,2,7,no sentiment,short,1
623,1,0,0,5,18,no sentiment,medium,1
624,0,0,0,3,36,no sentiment,long,1
625,0,0,0,1,4,no sentiment,short,8
626,1,0,0,4,9,negative,medium,13
627,0,0,0,1,9,no sentiment,medium,0
628,935,76204,76,2,69,no sentiment,long,0
629,3,0,0,21,7,negative,short,9
630,8,0,0,2,11,no sentiment,medium,2
631,0,0,0,1,11,no sentiment,medium,0
632,13,0,0,1,60,no sentiment,long,0
633,2,0,0,2,18,no sentiment,medium,15
634,0,0,0,2,11,negative,medium,50
635,0,0,0,1,87,no sentiment,long,0
636,6,156,1,1,26,no sentiment,medium,0
637,0,0,0,1,16,no sentiment,medium,47
638,181,127333,7,4,44,no sentiment,long,54
639,1,0,0,2,4,neutral,short,1
640,51,10386,83,1,15,negative,medium,125
641,6,0,0,1,8,negative,short,0
642,5,0,0,1,29,no sentiment,long,8
643,8,0,0,4,9,no sentiment,medium,0
644,0,0,0,1,7,no sentiment,short,5
645,2,191,3,1,10,no sentiment,medium,1
646,2,0,0,1,20,positive,medium,1
647,0,0,0,2,17,no sentiment,medium,1
648,7,0,0,11,6,negative,short,17
649,3,0,0,1,15,no sentiment,medium,0
650,21,8141,1,1,3,no sentiment,short,7
651,5,0,0,1,9,no sentiment,medium,0
652,142,104494,28,2,13,no sentiment,medium,2
653,0,0,0,1,527,no sentiment,long,0
654,0,0,0,2,8,no sentiment,short,1
655,0,0,0,1,15,no sentiment,medium,0
656,0,0,0,1,14,no sentiment,medium,1
657,0,0,0,1,7,no sentiment,short,0
658,1,0,0,1,14,no sentiment,medium,38
659,3,0,0,2,6,no sentiment,short,42
660,0,0,0,1,14,no sentiment,medium,14
661,0,0,0,1,20,no sentiment,medium,0
662,0,0,0,1,2,no sentiment,short,0
663,0,0,0,1,32,no sentiment,long,0
664,1,0,0,1,5,no sentiment,short,6
665,24,35331,99,2,10,no sentiment,medium,74
666,13,0,0,1,5,no sentiment,short,0
667,32,139918,33,2,9,no sentiment,medium,1
668,9,4574,19,2,16,no sentiment,medium,0
669,9,0,0,3,22,no sentiment,medium,2
670,39,2154,5,3,26,no sentiment,medium,19
671,1,0,0,1,5,no sentiment,short,3
672,2,710,6,1,26,no sentiment,medium,1
673,2,64,1,1,27,no sentiment,long,0
674,18,23427,8,1,115,no sentiment,long,7
675,2,19,2,1,20,no sentiment,medium,221
676,0,259,3,1,5,no sentiment,short,0
677,1,146,4,1,12,no sentiment,medium,2
678,0,0,0,1,17,no sentiment,medium,11
679,2,0,0,1,4,no sentiment,short,3
680,0,0,0,8,8,negative,short,2
681,0,0,0,2,2,no sentiment,short,1
682,0,0,0,3,116,negative,long,1
683,1,0,0,1,7,no sentiment,short,51
684,2,27,1,1,11,no sentiment,medium,17
685,1,0,0,1,4,no sentiment,short,1
686,0,0,0,1,9,no sentiment,medium,31
687,1,0,0,1,24,no sentiment,medium,1
688,0,0,0,1,13,no sentiment,medium,1
689,0,0,0,2,12,no sentiment,medium,18
690,10,6318,50,1,10,no sentiment,medium,0
691,15,959,19,1,12,no sentiment,medium,0
692,2,41,4,1,2,no sentiment,short,1
693,2,0,0,11,6,negative,short,2
694,0,0,0,1,6,no sentiment,short,1
695,8,0,0,1,7,no sentiment,short,0
696,4,60,1,1,43,no sentiment,long,14
697,1,0,0,4,39,negative,long,0
698,3,0,0,1,8,no sentiment,short,0
699,0,0,0,1,5,no sentiment,short,0
700,8,0,0,3,5,no sentiment,short,2
701,1,0,0,2,14,negative,medium,7
702,1,0,0,5,23,negative,medium,4
703,1,0,0,1,4,no sentiment,short,0
704,0,0,0,3,6,no sentiment,short,0
705,0,3,1,1,43,no sentiment,long,2
706,1,0,0,1,10,no sentiment,medium,6
707,1,0,0,1,19,no sentiment,medium,2
708,1420,1069988,180,4,8,no sentiment,short,0
709,2,653,8,4,41,no sentiment,long,2
710,7,0,0,3,47,no sentiment,long,0
711,0,0,0,3,53,no sentiment,long,40
712,0,7,1,10,10,negative,medium,64
713,9,0,0,1,36,no sentiment,long,0
714,0,0,0,2,12,no sentiment,medium,0
715,0,494,1,1,16,no sentiment,medium,0
716,12,0,0,1,15,no sentiment,medium,94
717,5,0,0,1,26,no sentiment,medium,1
718,0,478,1,2,8,neutral,short,0
719,0,0,0,1,20,no sentiment,medium,7
720,0,0,0,2,6,no sentiment,short,37
721,0,0,0,1,15,no sentiment,medium,13
722,0,0,0,2,6,no sentiment,short,0
723,10,0,0,1,24,no sentiment,medium,0
724,2,0,0,1,26,no sentiment,medium,42
725,4,84,1,2,66,no sentiment,long,0
726,0,0,0,1,10,no sentiment,medium,2
727,0,0,0,1,13,no sentiment,medium,0
728,202,77515,66,1,2,no sentiment,short,1
729,2,0,0,2,2,no sentiment,short,0
730,1,0,0,3,13,negative,medium,4
731,3,0,0,3,4,negative,short,1
732,4,892,15,3,13,no sentiment,medium,4
733,8,757,44,1,40,no sentiment,long,4
734,0,0,0,1,35,no sentiment,long,0
735,2,0,0,1,14,no sentiment,medium,1
736,4,0,0,3,6,negative,short,21
737,0,0,0,1,16,no sentiment,medium,28
738,0,6,1,1,73,no sentiment,long,2
739,2,0,0,1,28,no sentiment,long,1
740,1,0,0,1,6,no sentiment,short,0
741,206,23019,28,1,24,no sentiment,medium,137
742,0,0,0,1,6,no sentiment,short,1
743,1,0,0,1,4,no sentiment,short,1
744,1,0,0,2,10,no sentiment,medium,2
745,93,18015,76,1,61,no sentiment,long,0
746,3,0,0,1,7,no sentiment,short,0
747,3,0,0,1,28,no sentiment,long,14
748,1,0,0,1,26,no sentiment,medium,3
749,4,60,5,1,61,no sentiment,long,1
750,36,1152,2,3,19,no sentiment,medium,25
751,0,0,0,4,3,negative,short,5
752,430,135074,208,2,27,no sentiment,long,1
753,17,863,16,2,16,no sentiment,medium,3
754,0,0,0,2,4,no sentiment,short,2
755,2,114,4,4,35,negative,long,0
756,2,0,0,1,19,no sentiment,medium,13
757,114,17955,137,2,10,no sentiment,medium,8
758,15,3642,18,2,22,no sentiment,medium,0
759,0,0,0,1,9,no sentiment,medium,0
760,0,0,0,1,8,no sentiment,short,1
761,3,0,0,1,26,no sentiment,medium,22
762,0,28,1,1,7,no sentiment,short,1
763,2,0,0,2,14,no sentiment,medium,78
764,6,0,0,1,15,no sentiment,medium,0
765,0,0,0,1,17,no sentiment,medium,18
766,1,0,0,1,44,no sentiment,long,1
767,0,0,0,1,20,no sentiment,medium,25
768,0,0,0,1,10,no sentiment,medium,2
769,0,0,0,1,8,no sentiment,short,1
770,1,0,0,1,5,no sentiment,short,329
771,2,0,0,2,16,no sentiment,medium,1
772,17,1399,20,6,26,neutral,medium,22
773,0,0,0,5,17,negative,medium,1
774,19,122862,43,1,11,no sentiment,medium,97
775,2,0,0,1,28,no sentiment,long,2
776,1,0,0,3,3,no sentiment,short,1
777,1,0,0,1,26,no sentiment,medium,0
778,34,1007,16,2,16,no sentiment,medium,2
779,232,8,1,1,6,no sentiment,short,3
780,1,0,0,2,8,negative,short,37
781,4,3611,5,2,70,no sentiment,long,0
782,0,0,0,4,4,no sentiment,short,11
783,13,0,0,1,24,no sentiment,medium,0
784,0,0,0,1,12,no sentiment,medium,200
785,0,1152,4,2,7,no sentiment,short,48
786,1,0,0,2,84,no sentiment,long,0
787,11,462,3,1,13,no sentiment,medium,27
788,6,5401,29,3,16,negative,medium,61
789,0,0,0,5,21,neutral,medium,3
790,0,0,0,1,8,no sentiment,short,2
791,0,0,0,3,14,no sentiment,medium,0
792,7,480,3,1,3,no sentiment,short,0
793,803,34682,18,1,18,no sentiment,medium,1
794,1,0,0,11,36,negative,long,1
795,4,0,0,1,36,no sentiment,long,0
796,0,0,0,24,7,negative,short,1
797,1,0,0,3,142,no sentiment,long,1
798,39,10210,21,6,21,no sentiment,medium,0
799,0,0,0,2,12,negative,medium,0
800,0,0,0,1,9,no sentiment,medium,0
801,5,0,0,2,18,no sentiment,medium,0
802,0,0,0,1,28,no sentiment,long,3
803,3,0,0,2,35,no sentiment,long,2
804,1,0,0,4,15,negative,medium,0
805,3,3429,5,1,72,no sentiment,long,0
806,2,0,0,1,12,no sentiment,medium,0
807,0,0,0,2,15,no sentiment,medium,3
808,0,0,0,5,2,negative,short,0
809,0,916,23,7,32,negative,long,0
810,1,0,0,1,24,no sentiment,medium,62
811,2,21,1,1,21,no sentiment,medium,3
812,6,0,0,1,14,no sentiment,medium,1
813,1,0,0,1,20,no sentiment,medium,112
814,0,0,0,3,14,no sentiment,medium,0
815,0,0,0,1,91,no sentiment,long,0
816,2,0,0,4,13,no sentiment,medium,1
817,1,0,0,1,16,no sentiment,medium,1
818,0,0,0,1,17,no sentiment,medium,0
819,2,1860,2,1,11,no sentiment,medium,199
820,39,455,6,4,29,negative,long,26
821,0,0,0,1,9,no sentiment,medium,3
822,0,0,0,1,41,no sentiment,long,2
823,2,0,0,5,22,negative,medium,22
824,753,4482,12,3,3,no sentiment,short,0
825,2,0,0,1,9,no sentiment,medium,3
826,52,22838,116,1,1,negative,short,0
827,1,0,0,1,9,no sentiment,medium,104
828,4,0,0,1,23,no sentiment,medium,0
829,5,0,0,1,13,no sentiment,medium,3
830,5,0,0,28,18,negative,medium,219
831,3,0,0,1,23,negative,medium,4
832,0,0,0,1,1,no sentiment,short,2
833,0,0,0,1,16,no sentiment,medium,1
834,0,0,0,1,16,no sentiment,medium,1
835,0,0,0,1,12,no sentiment,medium,7
836,2,0,0,3,44,no sentiment,long,1
837,2,0,0,2,32,no sentiment,long,0
838,3,0,0,4,25,negative,medium,0
839,0,0,0,1,9,no sentiment,medium,3
840,1,0,0,1,9,no sentiment,medium,11
841,53,55253,86,12,2,negative,short,0
842,67,0,0,1,9,neutral,medium,33
843,0,0,0,3,11,no sentiment,medium,0
844,30,0,0,1,11,no sentiment,medium,5
845,3,0,0,1,36,no sentiment,long,0
846,5,0,0,1,16,no sentiment,medium,2
847,2,363,1,1,6,no sentiment,short,1
848,50,93118,41,1,11,no sentiment,medium,1
849,6,0,0,25,1,neutral,short,0
850,3,0,0,1,13,negative,medium,0
851,0,0,0,1,8,no sentiment,short,11
852,3,458,2,1,10,no sentiment,medium,0
853,4,0,0,1,1,no sentiment,short,0
854,0,0,0,8,44,negative,long,1
855,0,8,1,1,28,no sentiment,long,9
856,2,0,0,1,2,no sentiment,short,0
857,2,0,0,3,28,no sentiment,long,0
858,1870,2578797,5,1,23,no sentiment,medium,0
859,0,0,0,1,13,no sentiment,medium,2
860,461,160472,44,1,18,no sentiment,medium,10
861,8,397,4,1,1,no sentiment,short,2
862,2,0,0,3,18,negative,medium,3
863,0,0,0,1,10,no sentiment,medium,1
864,0,0,0,6,11,negative,medium,26
865,3,0,0,1,3,no sentiment,short,0
866,21,1927,11,1,12,no sentiment,medium,1
867,0,0,0,5,5,neutral,short,2
868,12,24951,34,1,8,no sentiment,short,1
869,0,0,0,1,27,no sentiment,long,48
870,5980,826030,1165,2,13,no sentiment,medium,2
871,0,0,0,1,14,no sentiment,medium,1
872,33,0,0,3,9,negative,medium,2
873,202,260584,17,1,103,negative,long,1
874,4,0,0,3,82,no sentiment,long,0
875,9,0,0,2,9,negative,medium,0
876,0,0,0,1,23,no sentiment,medium,0
877,4,0,0,2,6,no sentiment,short,11
878,13,0,0,1,9,negative,medium,1
879,13,0,0,29,18,negative,medium,0
880,0,0,0,1,55,no sentiment,long,0
881,1,0,0,2,25,no sentiment,medium,0
882,0,0,0,1,16,no sentiment,medium,0
883,10,0,0,1,20,negative,medium,1
884,2,0,0,2,14,negative,medium,0
885,0,0,0,2,7,no sentiment,short,1
886,22,596,1,1,6,no sentiment,short,9
887,2,0,0,1,14,no sentiment,medium,63
888,175,29797,36,1,23,no sentiment,medium,4
889,15,691,1,1,8,no sentiment,short,1
890,6,484,1,1,20,no sentiment,medium,0
891,151,45822,123,1,14,no sentiment,medium,16
892,98,0,0,1,4,no sentiment,short,1
893,0,0,0,1,18,no sentiment,medium,34
894,18,353,1,1,11,no sentiment,medium,0
895,1,0,0,1,92,no sentiment,long,1
896,0,0,0,5,12,neutral,medium,21
897,1,0,0,2,10,no sentiment,medium,12
898,0,37,1,2,17,no sentiment,medium,0
899,8,8898,2,2,7,no sentiment,short,4
900,0,0,0,1,3,no sentiment,short,1
901,0,0,0,3,1,no sentiment,short,0
902,16,335,4,1,19,no sentiment,medium,19
903,2,0,0,1,4,no sentiment,short,0
904,1,0,0,1,6,negative,short,1
905,0,0,0,1,18,no sentiment,medium,0
906,1,0,0,1,5,no sentiment,short,15
907,0,0,0,1,28,no sentiment,long,10
908,0,0,0,1,5,no sentiment,short,25
909,0,0,0,1,58,no sentiment,long,0
910,0,0,0,1,12,no sentiment,medium,14
911,0,0,0,1,23,no sentiment,medium,0
912,0,0,0,1,45,no sentiment,long,0
913,1,0,0,1,13,no sentiment,medium,18
914,1,0,0,3,15,no sentiment,medium,130
915,1,0,0,2,18,no sentiment,medium,0
916,0,0,0,1,9,no sentiment,medium,7
917,175,261625,10,1,8,no sentiment,short,24
918,1,0,0,1,33,no sentiment,long,0
919,0,0,0,5,12,no sentiment,medium,0
920,0,2,2,1,10,no sentiment,medium,1
921,0,0,0,1,86,no sentiment,long,0
922,0,2,1,1,19,no sentiment,medium,5
923,3,0,0,1,99,no sentiment,long,0
924,12,849,3,1,33,no sentiment,long,0
925,8,0,0,1,8,no sentiment,short,3
926,3,0,0,1,7,no sentiment,short,19
927,33,0,0,1,7,no sentiment,short,2
928,7,0,0,1,66,no sentiment,long,0
929,0,334,1,1,11,no sentiment,medium,0
930,2,0,0,3,10,no sentiment,medium,0
931,1,0,0,1,19,no sentiment,medium,4
932,7,0,0,4,16,negative,medium,0
933,0,0,0,1,31,no sentiment,long,0
934,0,0,0,1,60,no sentiment,long,18
935,0,0,0,1,14,no sentiment,medium,0
936,1,0,0,1,19,no sentiment,medium,1
937,0,0,0,1,9,no sentiment,medium,2
938,0,0,0,1,14,no sentiment,medium,25
939,3,61,3,1,4,no sentiment,short,9
940,0,0,0,1,5,no sentiment,short,46
941,2,15,1,1,40,no sentiment,long,1
942,7,0,0,2,18,no sentiment,medium,2
943,0,0,0,1,8,no sentiment,short,6
944,131,1931,8,1,37,no sentiment,long,0
945,0,0,0,1,15,no sentiment,medium,0
946,1,595,7,2,40,no sentiment,long,3
947,7,0,0,1,17,no sentiment,medium,6
948,44,17375,3,1,5,no sentiment,short,1
949,0,0,0,1,18,no sentiment,medium,0
950,0,0,0,1,26,no sentiment,medium,23
951,10,758,1,1,21,no sentiment,medium,0
952,1,152,1,2,20,no sentiment,medium,8
953,7,0,0,3,13,no sentiment,medium,22
954,5,3408,11,1,13,no sentiment,medium,0
955,5,0,0,1,22,no sentiment,medium,0
956,0,16,1,1,24,no sentiment,medium,5
957,177,12636,9,1,48,no sentiment,long,43
958,1,81,1,1,38,no sentiment,long,2
959,45,18979,2,1,66,no sentiment,long,3
960,0,0,0,1,10,no sentiment,medium,1
961,1,0,0,1,29,no sentiment,long,0
962,0,0,0,1,54,no sentiment,long,0
963,0,0,0,12,57,negative,long,3
964,17600,5258562,222,2,29,no sentiment,long,1
965,0,0,0,1,22,no sentiment,medium,36
966,0,0,0,1,32,no sentiment,long,1
967,1,554,18,5,3,neutral,short,0
968,0,0,0,1,43,no sentiment,long,0
969,4,0,0,1,3,no sentiment,short,0
970,2,0,0,1,4,no sentiment,short,21
971,2,0,0,1,5,no sentiment,short,8
972,2,1380,15,1,7,no sentiment,short,1
973,2,0,0,1,12,no sentiment,medium,0
974,2,0,0,1,16,no sentiment,medium,1
975,3,1154,6,1,12,no sentiment,medium,3
976,0,0,0,1,28,no sentiment,long,0
977,1,112,2,1,21,no sentiment,medium,7
978,36,0,0,1,9,no sentiment,medium,3
979,1,0,0,1,26,no sentiment,medium,123
980,1,0,0,1,35,no sentiment,long,1
981,0,0,0,1,11,no sentiment,medium,0
982,8,4937,94,1,6,no sentiment,short,5
983,5,0,0,1,5,no sentiment,short,114
984,3,0,0,1,25,no sentiment,medium,135
985,73,31031,524,3,21,no sentiment,medium,2
986,1,2722,4,1,49,no sentiment,long,43
987,0,0,0,1,20,no sentiment,medium,14
988,2,3964,26,1,10,no sentiment,medium,14
989,2,0,0,1,27,no sentiment,long,0
990,0,0,0,1,29,no sentiment,long,0
991,3,0,0,3,11,no sentiment,medium,0
992,42,0,0,2,24,no sentiment,medium,2
993,243,19821,4,1,120,no sentiment,long,0
994,0,0,0,2,39,no sentiment,long,0
995,7,0,0,1,32,no sentiment,long,1
996,1,0,0,1,15,no sentiment,medium,19
997,3,0,0,12,16,no sentiment,medium,2
998,0,0,0,1,34,no sentiment,long,3
999,9,0,0,1,47,no sentiment,long,0
1000,196,261780,423,1,12,no sentiment,medium,0
1001,1,0,0,1,4,no sentiment,short,1
1002,1,0,0,6,128,negative,long,0
1003,143,306134,101,1,17,no sentiment,medium,2
1004,0,0,0,1,1,no sentiment,short,0
1005,2,0,0,1,13,no sentiment,medium,20
1006,1,0,0,1,8,no sentiment,short,0
1007,0,0,0,1,6,no sentiment,short,2
1008,0,0,0,2,8,neutral,short,5
1009,4,0,0,5,25,negative,medium,10
1010,0,0,0,1,35,no sentiment,long,0
1011,5,0,0,1,27,no sentiment,long,10
1012,0,0,0,1,16,no sentiment,medium,18
1013,2,16,1,1,46,no sentiment,long,0
1014,2,0,0,1,11,no sentiment,medium,40
1015,0,0,0,1,4,no sentiment,short,3
1016,12,0,0,2,56,no sentiment,long,0
1017,1,0,0,1,12,no sentiment,medium,0
1018,0,0,0,1,6,no sentiment,short,2
1019,0,0,0,1,11,no sentiment,medium,5
1020,18,0,0,2,13,no sentiment,medium,0
1021,0,0,0,1,17,no sentiment,medium,2
1022,2,0,0,1,13,no sentiment,medium,2
1023,0,0,0,1,19,no sentiment,medium,1
1024,1,0,0,1,18,no sentiment,medium,4
1025,0,0,0,1,68,no sentiment,long,3
1026,1,0,0,1,3,no sentiment,short,0
1027,1,0,0,5,9,positive,medium,3
1028,0,72,1,1,53,no sentiment,long,27
1029,0,0,0,1,15,no sentiment,medium,0
1030,1,0,0,2,6,no sentiment,short,5
1031,0,0,0,1,24,no sentiment,medium,1
1032,1,0,0,1,10,no sentiment,medium,4
1033,0,0,0,2,9,no sentiment,medium,6
1034,0,0,0,1,25,no sentiment,medium,1
1035,160,0,0,1,24,no sentiment,medium,0
1036,10,3766,97,1,4,no sentiment,short,0
1037,0,680,29,6,28,negative,long,0
1038,18,39171,1,1,9,no sentiment,medium,0
1039,1,0,0,1,10,no sentiment,medium,2
1040,38,8814,2,1,20,no sentiment,medium,1
1041,331,217910,63,1,3,no sentiment,short,1
1042,1,0,0,2,27,no sentiment,long,17
1043,17,229,5,2,17,no sentiment,medium,0
1044,1,0,0,1,12,no sentiment,medium,0
1045,1,15,1,1,3,no sentiment,short,0
1046,1,0,0,1,3,no sentiment,short,0
1047,3,0,0,2,4,no sentiment,short,1
1048,0,0,0,2,19,no sentiment,medium,9
1049,1,0,0,1,7,no sentiment,short,7
1050,1,225,3,1,120,neutral,long,0
1051,2,73,13,1,85,no sentiment,long,0
1052,0,0,0,4,1,negative,short,1
1053,2,0,0,1,8,no sentiment,short,0
1054,0,63,1,1,13,no sentiment,medium,0
1055,1,0,0,2,38,negative,long,0
1056,0,0,0,1,27,no sentiment,long,2
1057,1,0,0,2,12,no sentiment,medium,0
1058,0,0,0,1,18,no sentiment,medium,240
1059,7,0,0,1,1,neutral,short,0
1060,23,121,1,1,15,no sentiment,medium,111
1061,0,0,0,2,13,no sentiment,medium,42
1062,6,2326,8,1,94,no sentiment,long,0
1063,66,0,0,2,13,neutral,medium,7
1064,32,0,0,3,15,negative,medium,0
1065,0,0,0,3,27,no sentiment,long,0
1066,2,581,1,1,12,no sentiment,medium,25
1067,0,0,0,2,53,no sentiment,long,0
1068,7,293,3,1,25,no sentiment,medium,0
1069,233,109666,1251,2,22,negative,medium,1
1070,1,0,0,1,15,no sentiment,medium,1
1071,0,0,0,3,54,neutral,long,4
1072,0,0,0,1,16,no sentiment,medium,0
1073,1,0,0,1,11,no sentiment,medium,6
1074,3380,4608824,19,1,11,no sentiment,medium,0
1075,3,0,0,1,15,negative,medium,5
1076,14,1333,16,1,35,no sentiment,long,0
1077,0,0,0,1,50,no sentiment,long,4
1078,0,0,0,1,29,no sentiment,long,0
1079,9,23599,5,1,208,no sentiment,long,2
1080,1,0,0,1,6,no sentiment,short,1
1081,1,0,0,2,11,no sentiment,medium,1
1082,0,0,0,1,1,no sentiment,short,1
1083,2,57,18,1,10,no sentiment,medium,44
1084,12,0,0,2,10,no sentiment,medium,133
1085,9,1424,112,1,22,no sentiment,medium,33
1086,14,2662,7,1,15,no sentiment,medium,0
1087,1,0,0,1,9,no sentiment,medium,0
1088,7,249,3,1,16,no sentiment,medium,9
1089,1,0,0,1,7,no sentiment,short,0
1090,0,0,0,1,10,no sentiment,medium,0
1091,2,0,0,1,2,no sentiment,short,7
1092,20,152,3,3,21,negative,medium,3
1093,14,947,7,1,6,no sentiment,short,1
1094,3,13,1,4,5,no sentiment,short,7
1095,1840,0,0,1,23,no sentiment,medium,10
1096,7,0,0,1,45,positive,long,0
1097,0,0,0,1,9,no sentiment,medium,3
1098,3,75,4,1,2,no sentiment,short,53
1099,1,0,0,3,33,no sentiment,long,3
1100,2,521,6,1,8,no sentiment,short,1
1101,10,0,0,1,7,no sentiment,short,1
1102,1,0,0,1,4,no sentiment,short,14
1103,4,0,0,1,5,no sentiment,short,6
1104,1,0,0,1,32,no sentiment,long,3
1105,0,0,0,2,10,no sentiment,medium,0
1106,3,332,1,1,24,no sentiment,medium,0
1107,0,0,0,10,32,negative,long,0
1108,5,0,0,1,22,no sentiment,medium,19
1109,56,18628,9,1,333,no sentiment,long,0
1110,0,0,0,1,15,no sentiment,medium,29
1111,6,0,0,25,31,negative,long,14
1112,0,22,1,1,36,no sentiment,long,0
1113,3,1612,31,1,10,no sentiment,medium,0
1114,8,0,0,1,14,no sentiment,medium,28
1115,2,0,0,1,21,no sentiment,medium,5
1116,5,4131,3,1,9,no sentiment,medium,0
1117,0,0,0,1,78,no sentiment,long,0
1118,86,152459,21,1,12,no sentiment,medium,0
1119,0,38,1,1,16,no sentiment,medium,2
1120,61,0,0,1,12,no sentiment,medium,2
1121,0,0,0,1,110,no sentiment,long,2
1122,12,0,0,1,5,no sentiment,short,2
1123,1,0,0,2,10,no sentiment,medium,9
1124,7020,4420580,303,3,15,neutral,medium,9
1125,1,207,1,1,32,no sentiment,long,0
1126,74,68424,54,2,14,no sentiment,medium,92
1127,5,264,4,1,29,no sentiment,long,0
1128,8,2689,12,1,18,no sentiment,medium,1
1129,0,0,0,1,8,no sentiment,short,1
1130,0,0,0,1,19,no sentiment,medium,0
1131,0,0,0,1,25,no sentiment,medium,2
1132,20,0,0,2,15,no sentiment,medium,0
1133,1,0,0,1,21,no sentiment,medium,0
1134,0,0,0,1,10,no sentiment,medium,1
1135,5,1231,5,1,11,no sentiment,medium,13
1136,0,0,0,1,136,no sentiment,long,0
1137,0,0,0,1,9,no sentiment,medium,0
1138,0,0,0,1,24,no sentiment,medium,0
1139,12,147,1,3,33,no sentiment,long,0
1140,0,0,0,1,8,no sentiment,short,0
1141,1120,397358,432,1,9,no sentiment,medium,3
1142,7,0,0,1,13,no sentiment,medium,8
1143,0,0,0,1,49,no sentiment,long,0
1144,0,0,0,1,13,no sentiment,medium,8
1145,2,3298,2,1,6,no sentiment,short,1
1146,0,0,0,1,31,no sentiment,long,0
1147,3,0,0,1,3,no sentiment,short,0
1148,0,0,0,2,20,no sentiment,medium,0
1149,2,0,0,1,43,no sentiment,long,0
1150,7,0,0,1,1,no sentiment,short,2
1151,1,97,3,1,25,no sentiment,medium,0
1152,0,0,0,1,19,neutral,medium,13
1153,0,0,0,1,22,no sentiment,medium,0
1154,1,0,0,1,62,no sentiment,long,26
1155,0,0,0,1,16,no sentiment,medium,1
1156,8,0,0,1,8,no sentiment,short,0
1157,2,320,1,2,13,no sentiment,medium,10
1158,1,0,0,2,97,no sentiment,long,0
1159,46,0,0,1,17,no sentiment,medium,42
1160,0,0,0,1,14,no sentiment,medium,1
1161,0,0,0,1,10,no sentiment,medium,67
1162,0,0,0,1,12,no sentiment,medium,3
1163,0,0,0,6,33,negative,long,0
1164,0,0,0,2,3,negative,short,1
1165,2,0,0,5,9,negative,medium,2
1166,1,0,0,1,14,neutral,medium,60
1167,0,0,0,1,438,no sentiment,long,0
1168,8,0,0,1,36,no sentiment,long,0
1169,31,102,1,1,189,no sentiment,long,0
1170,23,78688,12,1,2,no sentiment,short,0
1171,1,0,0,1,55,no sentiment,long,1
1172,15,0,0,1,28,no sentiment,long,1
1173,4480,124983,30,1,49,no sentiment,long,0
1174,0,0,0,1,18,no sentiment,medium,1
1175,6,0,0,7,16,positive,medium,1
1176,1,0,0,2,143,neutral,long,4
1177,1,0,0,1,42,no sentiment,long,0
1178,3,0,0,4,6,negative,short,5
1179,0,0,0,1,1,no sentiment,short,1
1180,14,0,0,2,15,negative,medium,0
1181,0,0,0,2,8,no sentiment,short,1
1182,0,0,0,1,42,no sentiment,long,3
1183,6,0,0,1,8,no sentiment,short,1
1184,0,0,0,1,26,negative,medium,8
1185,0,0,0,1,7,no sentiment,short,0
1186,0,0,0,1,10,no sentiment,medium,0
1187,0,0,0,3,12,negative,medium,2
1188,73,7648,25,2,15,no sentiment,medium,0
1189,0,0,0,1,41,no sentiment,long,1
1190,30500,8621734,997,3,58,no sentiment,long,0
1191,0,0,0,1,8,no sentiment,short,10
1192,19,8904,3,1,32,no sentiment,long,1
1193,0,2656,3,1,20,no sentiment,medium,15
1194,0,0,0,1,1,negative,short,0
1195,3,794,1,2,32,no sentiment,long,9
1196,15700,14236560,325,1,19,no sentiment,medium,63
1197,174,0,0,2,5,negative,short,0
1198,1,1045,3,1,7,no sentiment,short,2
1199,0,0,0,1,13,no sentiment,medium,0
1200,21,0,0,1,26,no sentiment,medium,1
1201,7,0,0,1,10,no sentiment,medium,0
1202,2,21,1,3,35,negative,long,0
1203,2,0,0,1,17,no sentiment,medium,0
1204,0,0,0,1,4,no sentiment,short,1
1205,0,0,0,1,20,no sentiment,medium,1
1206,0,0,0,1,12,no sentiment,medium,8
1207,0,65,1,2,28,no sentiment,long,4
1208,4,43,7,1,14,no sentiment,medium,0
1209,0,0,0,3,30,negative,long,32
1210,0,0,0,1,9,no sentiment,medium,0
1211,2,0,0,3,125,negative,long,0
1212,0,4629,10,2,12,no sentiment,medium,2
1213,3,0,0,4,19,no sentiment,medium,5
1214,0,0,0,1,31,no sentiment,long,2
1215,0,0,0,2,22,no sentiment,medium,7
1216,14,342,14,2,44,no sentiment,long,0
1217,0,0,0,1,17,no sentiment,medium,21
1218,0,0,0,2,7,negative,short,32
1219,2,0,0,1,33,no sentiment,long,8
1220,1,177,3,1,4,negative,short,0
1221,0,0,0,1,4,no sentiment,short,7
1222,4,0,0,3,2,neutral,short,1
1223,46,0,0,2,19,no sentiment,medium,0
1224,38,0,0,1,7,positive,short,4
1225,1,0,0,1,7,no sentiment,short,29
1226,5,0,0,3,31,neutral,long,0
1227,5,0,0,1,8,no sentiment,short,2
1228,1,0,0,1,25,no sentiment,medium,2
1229,1,0,0,2,42,no sentiment,long,12
1230,0,0,0,3,26,negative,medium,1
1231,0,0,0,2,86,no sentiment,long,3
1232,3,0,0,1,37,neutral,long,0
1233,1,0,0,1,9,no sentiment,medium,1
1234,0,0,0,1,2,no sentiment,short,1
1235,12,0,0,1,1,no sentiment,short,1
1236,3,0,0,1,26,no sentiment,medium,10
1237,0,0,0,1,38,no sentiment,long,0
1238,1,0,0,2,63,no sentiment,long,0
1239,1,0,0,1,4,negative,short,0
1240,1,338,1,1,19,no sentiment,medium,6
1241,1,10,1,1,93,neutral,long,0
1242,0,0,0,1,9,no sentiment,medium,78
1243,0,0,0,1,27,no sentiment,long,1
1244,6,0,0,2,11,no sentiment,medium,4
1245,10,0,0,2,4,no sentiment,short,0
1246,5,0,0,1,6,no sentiment,short,2
1247,0,0,0,1,20,no sentiment,medium,37
1248,1,0,0,1,30,no sentiment,long,0
1249,6,0,0,2,16,no sentiment,medium,0
1250,0,0,0,1,8,negative,short,27
1251,5,606,3,5,3,negative,short,21
1252,23,0,0,6,19,negative,medium,7
1253,2660,4141502,686,2,71,negative,long,0
1254,0,0,0,2,14,neutral,medium,4
1255,0,0,0,2,7,neutral,short,4
1256,1,0,0,1,4,no sentiment,short,1
1257,2,41,6,1,11,no sentiment,medium,2
1258,1,0,0,1,94,no sentiment,long,16
1259,1,0,0,1,59,no sentiment,long,2
1260,0,0,0,3,9,negative,medium,1
1261,1,0,0,1,12,no sentiment,medium,0
1262,2,0,0,1,37,no sentiment,long,150
1263,75,0,0,2,2,no sentiment,short,0
1264,19,0,0,2,30,no sentiment,long,0
1265,6,806,7,1,28,no sentiment,long,0
1266,11,0,0,1,26,no sentiment,medium,2
1267,0,0,0,2,7,no sentiment,short,8
1268,0,0,0,1,81,no sentiment,long,2
1269,0,0,0,1,1,no sentiment,short,2
1270,59,0,0,1,8,no sentiment,short,10
1271,3,168,5,1,31,negative,long,1
1272,12,1046,19,2,16,neutral,medium,1
1273,3,0,0,1,42,no sentiment,long,0
1274,9,0,0,1,6,no sentiment,short,0
1275,0,0,0,2,157,no sentiment,long,0
1276,0,0,0,1,4,negative,short,2
1277,4,0,0,1,21,negative,medium,0
1278,3,0,0,4,36,negative,long,42
1279,1,0,0,1,15,negative,medium,42
1280,2,0,0,1,7,no sentiment,short,2
1281,0,0,0,1,27,neutral,long,0
1282,18,33,3,1,10,no sentiment,medium,2
1283,0,0,0,1,3,no sentiment,short,0
1284,134,322313,7,1,59,negative,long,2
1285,2,0,0,2,21,no sentiment,medium,0
1286,0,0,0,2,8,negative,short,0
1287,4,69,5,2,17,no sentiment,medium,0
1288,1,0,0,1,23,no sentiment,medium,0
1289,1,0,0,1,30,no sentiment,long,30
1290,0,0,0,2,19,neutral,medium,0
1291,0,0,0,1,1,no sentiment,short,0
1292,1,0,0,1,28,no sentiment,long,0
1293,0,0,0,1,9,negative,medium,1
1294,0,0,0,1,11,no sentiment,medium,1
1295,0,0,0,1,12,no sentiment,medium,1
1296,14900,4965522,73,1,6,no sentiment,short,0
1297,0,0,0,1,11,no sentiment,medium,0
1298,0,0,0,1,2,no sentiment,short,0
1299,0,0,0,1,22,no sentiment,medium,5
1300,0,0,0,1,4,no sentiment,short,1
1301,52,11674,17,1,10,no sentiment,medium,59
1302,4,0,0,1,31,no sentiment,long,0
1303,0,0,0,1,9,negative,medium,30
1304,2,0,0,1,29,no sentiment,long,1
1305,3,111,6,1,22,no sentiment,medium,0
1306,30,0,0,2,71,no sentiment,long,1
1307,17,50,1,1,15,no sentiment,medium,62
1308,8,0,0,1,9,no sentiment,medium,23
1309,2,0,0,1,34,no sentiment,long,1
1310,0,0,0,1,21,no sentiment,medium,0
1311,0,0,0,1,16,no sentiment,medium,10
1312,38,0,0,1,5,no sentiment,short,0
1313,5,0,0,1,68,no sentiment,long,1
1314,31,0,0,1,11,no sentiment,medium,34
1315,0,0,0,1,19,no sentiment,medium,18
1316,5,292,3,1,10,no sentiment,medium,0
1317,16,593,3,1,4,no sentiment,short,2
1318,0,0,0,1,10,no sentiment,medium,0
1319,28,13135,15,4,11,negative,medium,4
1320,314,181463,12,2,5,no sentiment,short,3
1321,21,0,0,1,30,no sentiment,long,10
1322,0,53,1,1,14,no sentiment,medium,143
1323,7,0,0,1,16,no sentiment,medium,1
1324,23,80,1,1,26,no sentiment,medium,0
1325,26,85605,28,1,10,no sentiment,medium,42
1326,9,4424,9,1,12,no sentiment,medium,2
1327,28,546,10,1,34,negative,long,0
1328,0,0,0,1,9,no sentiment,medium,23
1329,5,0,0,1,101,no sentiment,long,0
1330,1,0,0,1,18,no sentiment,medium,1
1331,2,0,0,1,33,no sentiment,long,0
1332,2,0,0,1,8,no sentiment,short,3
1333,14,2145,1,1,10,no sentiment,medium,0
1334,1,0,0,3,32,no sentiment,long,0
1335,0,0,0,1,64,no sentiment,long,0
1336,2,0,0,1,7,no sentiment,short,0
1337,14,569,3,1,10,no sentiment,medium,2
1338,1,0,0,1,70,no sentiment,long,0
1339,0,192,1,1,48,no sentiment,long,38
1340,2,0,0,1,16,no sentiment,medium,0
1341,0,0,0,1,12,no sentiment,medium,4
1342,3,1071,3,1,13,no sentiment,medium,0
1343,0,0,0,1,18,no sentiment,medium,0
1344,2,0,0,1,1,no sentiment,short,1
1345,0,0,0,1,18,no sentiment,medium,0
1346,9,0,0,2,2,no sentiment,short,0
1347,0,0,0,2,12,negative,medium,25
1348,7,0,0,2,66,negative,long,0
1349,0,0,0,1,8,no sentiment,short,16
1350,35,4633,3,1,5,no sentiment,short,11
1351,0,0,0,1,3,no sentiment,short,0
1352,8,194,21,1,14,no sentiment,medium,0
1353,3,0,0,1,6,no sentiment,short,25
1354,0,0,0,4,21,negative,medium,8
1355,1,871,1,1,13,no sentiment,medium,5
1356,0,0,0,1,18,no sentiment,medium,2
1357,2,0,0,1,108,no sentiment,long,0
1358,120,0,0,1,22,no sentiment,medium,0
1359,0,0,0,1,14,no sentiment,medium,0
1360,0,0,0,1,35,no sentiment,long,0
1361,1,0,0,1,15,no sentiment,medium,0
1362,0,0,0,1,10,no sentiment,medium,32
1363,2,0,0,1,28,no sentiment,long,11
1364,473,59056,51,3,16,negative,medium,10
1365,2,0,0,1,82,no sentiment,long,0
1366,1,29,3,1,48,no sentiment,long,1
1367,28,4122,12,1,15,no sentiment,medium,0
1368,5,7312,3,4,9,negative,medium,3
1369,0,0,0,1,12,no sentiment,medium,0
1370,3,0,0,1,14,no sentiment,medium,0
1371,4,396,1,1,22,no sentiment,medium,31
1372,43,54035,15,1,1,no sentiment,short,0
1373,0,0,0,1,11,no sentiment,medium,0
1374,0,0,0,1,1,no sentiment,short,0
1375,1,0,0,1,10,no sentiment,medium,8
1376,3,185,3,2,15,negative,medium,271
1377,3,0,0,1,154,no sentiment,long,1
1378,0,0,0,1,60,no sentiment,long,229
1379,25,2265,8,1,8,no sentiment,short,0
1380,10,28,1,1,5,no sentiment,short,4
1381,6,0,0,1,15,no sentiment,medium,0
1382,0,0,0,3,23,neutral,medium,0
1383,0,0,0,4,32,negative,long,3
1384,2,0,0,1,5,no sentiment,short,2
1385,275,294542,758,1,6,no sentiment,short,10
1386,0,0,0,1,14,no sentiment,medium,0
1387,1,0,0,5,20,negative,medium,0
1388,0,0,0,3,6,negative,short,0
1389,0,0,0,2,11,negative,medium,0
1390,8,4181,4,1,12,no sentiment,medium,8
1391,0,0,0,1,18,no sentiment,medium,2
1392,4,207,3,1,22,no sentiment,medium,0
1393,3,0,0,1,13,no sentiment,medium,0
1394,0,0,0,1,14,no sentiment,medium,0
1395,16,0,0,1,14,no sentiment,medium,6
1396,1,0,0,1,14,negative,medium,0
1397,0,0,0,1,37,no sentiment,long,0
1398,7,0,0,2,11,no sentiment,medium,31
1399,0,0,0,1,20,no sentiment,medium,2
1400,9,999,3,1,10,no sentiment,medium,6
1401,6,195,8,1,32,negative,long,7
1402,1,0,0,1,19,no sentiment,medium,1
1403,2,0,0,1,22,negative,medium,2
1404,0,0,0,1,14,no sentiment,medium,35
1405,3,38,1,1,5,no sentiment,short,2
1406,6,0,0,3,23,negative,medium,106
1407,12,0,0,2,8,negative,short,7
1408,0,0,0,2,14,no sentiment,medium,1
1409,0,0,0,1,6,no sentiment,short,1
1410,1,0,0,1,26,no sentiment,medium,0
1411,0,0,0,1,5,no sentiment,short,7
1412,0,0,0,1,8,no sentiment,short,1
1413,0,0,0,1,12,negative,medium,0
1414,9,0,0,1,8,no sentiment,short,87
1415,9,0,0,1,33,no sentiment,long,0
1416,0,0,0,1,5,no sentiment,short,25
1417,0,0,0,1,4,negative,short,1
1418,3,0,0,2,9,negative,medium,44
1419,2,0,0,2,26,no sentiment,medium,1
1420,0,0,0,1,3,negative,short,4
1421,0,0,0,2,24,negative,medium,15
